"image","xmin","ymin","xmax","ymax","label"
"0.jpg", 35, 56, 1241, 499, "hero_right" 
"1.jpg", 35, 64, 1173, 564, "hero_right" 
"2.jpg", 35, 66, 1169, 529, "hero_right" 
"3.jpg", 35, 61, 1138, 541, "hero_right" 
"4.jpg", 35, 58, 1208, 540, "hero_right" 
"5.jpg", 35, 54, 1184, 543, "hero_right" 
"6.jpg", 35, 40, 1132, 529, "hero_right" 
"7.jpg", 35, 38, 1154, 502, "hero_right" 
"8.jpg", 35, 55, 1205, 519, "hero_right" 
"9.jpg", 35, 71, 1254, 515, "hero_right" 
"10.jpg", 35, 42, 1140, 506, "hero_right" 
"11.jpg", 35, 64, 1111, 542, "hero_right" 
"12.jpg", 35, 44, 1179, 463, "hero_right" 
"13.jpg", 35, 66, 1093, 496, "hero_right" 
"14.jpg", 35, 42, 1155, 481, "hero_right" 
"15.jpg", 35, 61, 1190, 561, "hero_right" 
"16.jpg", 35, 68, 1194, 540, "hero_right" 
"17.jpg", 35, 51, 1158, 508, "hero_right" 
"18.jpg", 35, 52, 1203, 484, "hero_right" 
"19.jpg", 35, 77, 1155, 500, "hero_right" 
"20.jpg", 35, 69, 1164, 513, "hero_right" 
"21.jpg", 35, 72, 1197, 550, "hero_right" 
"22.jpg", 35, 45, 1118, 506, "hero_right" 
"23.jpg", 35, 45, 1116, 487, "hero_right" 
"24.jpg", 35, 40, 1150, 508, "hero_right" 
"25.jpg", 35, 67, 1174, 499, "hero_right" 
"26.jpg", 35, 69, 1197, 500, "hero_right" 
"27.jpg", 35, 84, 1114, 512, "hero_right" 
"28.jpg", 35, 72, 1204, 525, "hero_right" 
"29.jpg", 35, 70, 1138, 551, "hero_right" 
"30.jpg", 35, 73, 1144, 522, "hero_right" 
"31.jpg", 35, 37, 1157, 536, "hero_right" 
"32.jpg", 35, 47, 1188, 529, "hero_right" 
"33.jpg", 35, 35, 1246, 494, "hero_right" 
"34.jpg", 35, 57, 1178, 522, "hero_right" 
"35.jpg", 35, 59, 1248, 540, "hero_right" 
"36.jpg", 35, 36, 1121, 504, "hero_right" 
"37.jpg", 35, 47, 1080, 491, "hero_right" 
"38.jpg", 35, 47, 1204, 505, "hero_right" 
"39.jpg", 35, 74, 1165, 556, "hero_right" 
"40.jpg", 35, 51, 1182, 502, "hero_right" 
"41.jpg", 35, 63, 1125, 533, "hero_right" 
"42.jpg", 35, 64, 1223, 526, "hero_right" 
"43.jpg", 35, 69, 1115, 542, "hero_right" 
"44.jpg", 35, 59, 1223, 497, "hero_right" 
"45.jpg", 35, 65, 1177, 529, "hero_right" 
"46.jpg", 35, 48, 1211, 554, "hero_right" 
"47.jpg", 35, 84, 1193, 558, "hero_right" 
"48.jpg", 35, 41, 1239, 492, "hero_right" 
"49.jpg", 35, 67, 1148, 505, "hero_right" 
"50.jpg", 35, 84, 1164, 560, "hero_right" 
"51.jpg", 35, 56, 1145, 515, "hero_right" 
"52.jpg", 35, 54, 1103, 483, "hero_right" 
"53.jpg", 35, 77, 1203, 546, "hero_right" 
"54.jpg", 35, 50, 1143, 495, "hero_right" 
"55.jpg", 35, 77, 1210, 561, "hero_right" 
"56.jpg", 35, 39, 1121, 532, "hero_right" 
"57.jpg", 35, 55, 1139, 502, "hero_right" 
"58.jpg", 35, 50, 1100, 508, "hero_right" 
"59.jpg", 35, 61, 1165, 550, "hero_right" 
"60.jpg", 35, 40, 1124, 531, "hero_right" 
"61.jpg", 35, 37, 1205, 495, "hero_right" 
"62.jpg", 35, 80, 1174, 542, "hero_right" 
"63.jpg", 35, 39, 1169, 519, "hero_right" 
"64.jpg", 35, 58, 1147, 558, "hero_right" 
"65.jpg", 35, 70, 1162, 558, "hero_right" 
"66.jpg", 35, 49, 1125, 523, "hero_right" 
"67.jpg", 35, 41, 1177, 499, "hero_right" 
"68.jpg", 35, 67, 1238, 552, "hero_right" 
"69.jpg", 35, 44, 1149, 537, "hero_right" 
"70.jpg", 35, 78, 1159, 588, "hero_right" 
"71.jpg", 35, 52, 1211, 528, "hero_right" 
"72.jpg", 35, 65, 1111, 553, "hero_right" 
"73.jpg", 35, 53, 1158, 501, "hero_right" 
"74.jpg", 35, 62, 1232, 545, "hero_right" 
"75.jpg", 35, 72, 1161, 546, "hero_right" 
"76.jpg", 35, 52, 1123, 528, "hero_right" 
"77.jpg", 35, 63, 1101, 532, "hero_right" 
"78.jpg", 35, 51, 1137, 503, "hero_right" 
"79.jpg", 35, 55, 1206, 514, "hero_right" 
"80.jpg", 35, 74, 1107, 553, "hero_right" 
"81.jpg", 35, 64, 1110, 535, "hero_right" 
"82.jpg", 35, 50, 1189, 530, "hero_right" 
"83.jpg", 35, 81, 1184, 566, "hero_right" 
"84.jpg", 35, 79, 1174, 507, "hero_right" 
"85.jpg", 35, 54, 1194, 524, "hero_right" 
"86.jpg", 35, 81, 1161, 588, "hero_right" 
"87.jpg", 35, 75, 1177, 537, "hero_right" 
"88.jpg", 35, 45, 1134, 523, "hero_right" 
"89.jpg", 35, 74, 1222, 549, "hero_right" 
"90.jpg", 35, 38, 1136, 499, "hero_right" 
"91.jpg", 35, 81, 1113, 553, "hero_right" 
"92.jpg", 35, 73, 1139, 533, "hero_right" 
"93.jpg", 35, 72, 1213, 539, "hero_right" 
"94.jpg", 35, 41, 1235, 486, "hero_right" 
"95.jpg", 35, 50, 1167, 510, "hero_right" 
"96.jpg", 35, 73, 1171, 552, "hero_right" 
"97.jpg", 35, 43, 1103, 520, "hero_right" 
"98.jpg", 35, 78, 1180, 572, "hero_right" 
"99.jpg", 35, 36, 1155, 483, "hero_right" 
"100.jpg", 35, 43, 1179, 506, "hero_right" 
"101.jpg", 35, 52, 1147, 550, "hero_right" 
"102.jpg", 35, 50, 1095, 558, "hero_right" 
"103.jpg", 35, 63, 1141, 535, "hero_right" 
"104.jpg", 35, 58, 1143, 535, "hero_right" 
"105.jpg", 35, 51, 1200, 513, "hero_right" 
"106.jpg", 35, 55, 1118, 522, "hero_right" 
"107.jpg", 35, 49, 1215, 485, "hero_right" 
"108.jpg", 35, 80, 1196, 583, "hero_right" 
"109.jpg", 35, 78, 1141, 526, "hero_right" 
"110.jpg", 35, 65, 1184, 519, "hero_right" 
"111.jpg", 35, 50, 1154, 518, "hero_right" 
"112.jpg", 35, 72, 1121, 540, "hero_right" 
"113.jpg", 35, 62, 1168, 503, "hero_right" 
"114.jpg", 35, 71, 1156, 526, "hero_right" 
"115.jpg", 35, 37, 1165, 493, "hero_right" 
"116.jpg", 35, 35, 1250, 514, "hero_right" 
"117.jpg", 35, 50, 1099, 535, "hero_right" 
"118.jpg", 35, 65, 1160, 539, "hero_right" 
"119.jpg", 35, 64, 1066, 496, "hero_right" 
"120.jpg", 35, 47, 1192, 480, "hero_right" 
"121.jpg", 35, 73, 1161, 510, "hero_right" 
"122.jpg", 35, 78, 1177, 546, "hero_right" 
"123.jpg", 35, 40, 1199, 486, "hero_right" 
"124.jpg", 35, 35, 1180, 472, "hero_right" 
"125.jpg", 35, 65, 1146, 550, "hero_right" 
"126.jpg", 35, 56, 1148, 527, "hero_right" 
"127.jpg", 35, 57, 1207, 538, "hero_right" 
"128.jpg", 35, 77, 1095, 539, "hero_right" 
"129.jpg", 35, 71, 1199, 558, "hero_right" 
"130.jpg", 35, 75, 1120, 515, "hero_right" 
"131.jpg", 35, 58, 1168, 544, "hero_right" 
"132.jpg", 35, 64, 1134, 504, "hero_right" 
"133.jpg", 35, 44, 1182, 537, "hero_right" 
"134.jpg", 35, 52, 1211, 507, "hero_right" 
"135.jpg", 35, 79, 1099, 546, "hero_right" 
"136.jpg", 35, 42, 1175, 508, "hero_right" 
"137.jpg", 35, 81, 1143, 566, "hero_right" 
"138.jpg", 35, 56, 1143, 537, "hero_right" 
"139.jpg", 35, 69, 1128, 544, "hero_right" 
"140.jpg", 35, 58, 1220, 496, "hero_right" 
"141.jpg", 35, 48, 1197, 530, "hero_right" 
"142.jpg", 35, 70, 1160, 556, "hero_right" 
"143.jpg", 35, 69, 1137, 545, "hero_right" 
"144.jpg", 35, 66, 1233, 534, "hero_right" 
"145.jpg", 35, 77, 1197, 554, "hero_right" 
"146.jpg", 35, 78, 1187, 541, "hero_right" 
"147.jpg", 35, 36, 1110, 534, "hero_right" 
"148.jpg", 35, 59, 1171, 512, "hero_right" 
"149.jpg", 35, 84, 1125, 593, "hero_right" 
"150.jpg", 35, 65, 1127, 542, "hero_right" 
"151.jpg", 35, 38, 1148, 505, "hero_right" 
"152.jpg", 35, 44, 1153, 495, "hero_right" 
"153.jpg", 35, 61, 1177, 509, "hero_right" 
"154.jpg", 35, 54, 1201, 548, "hero_right" 
"155.jpg", 35, 68, 1075, 561, "hero_right" 
"156.jpg", 35, 39, 1205, 485, "hero_right" 
"157.jpg", 35, 35, 1135, 503, "hero_right" 
"158.jpg", 35, 68, 1187, 549, "hero_right" 
"159.jpg", 35, 84, 1169, 548, "hero_right" 
"160.jpg", 35, 44, 1229, 509, "hero_right" 
"161.jpg", 35, 41, 1150, 505, "hero_right" 
"162.jpg", 35, 38, 1158, 468, "hero_right" 
"163.jpg", 35, 77, 1198, 542, "hero_right" 
"164.jpg", 35, 36, 1067, 515, "hero_right" 
"165.jpg", 35, 74, 1154, 524, "hero_right" 
"166.jpg", 35, 83, 1159, 560, "hero_right" 
"167.jpg", 35, 41, 1152, 499, "hero_right" 
"168.jpg", 35, 43, 1123, 499, "hero_right" 
"169.jpg", 35, 61, 1201, 512, "hero_right" 
"170.jpg", 35, 53, 1225, 496, "hero_right" 
"171.jpg", 35, 52, 1157, 519, "hero_right" 
"172.jpg", 35, 73, 1179, 527, "hero_right" 
"173.jpg", 35, 77, 1198, 512, "hero_right" 
"174.jpg", 35, 49, 1136, 476, "hero_right" 
"175.jpg", 35, 82, 1162, 563, "hero_right" 
"176.jpg", 35, 49, 1219, 522, "hero_right" 
"177.jpg", 35, 39, 1181, 522, "hero_right" 
"178.jpg", 35, 42, 1171, 504, "hero_right" 
"179.jpg", 35, 65, 1061, 541, "hero_right" 
"180.jpg", 35, 77, 1138, 544, "hero_right" 
"181.jpg", 35, 79, 1206, 521, "hero_right" 
"182.jpg", 35, 43, 1172, 495, "hero_right" 
"183.jpg", 35, 36, 1096, 497, "hero_right" 
"184.jpg", 35, 37, 1126, 491, "hero_right" 
"185.jpg", 35, 57, 1188, 534, "hero_right" 
"186.jpg", 35, 75, 1239, 495, "hero_right" 
"187.jpg", 35, 54, 1163, 508, "hero_right" 
"188.jpg", 35, 77, 1237, 511, "hero_right" 
"189.jpg", 35, 36, 1112, 493, "hero_right" 
"190.jpg", 35, 54, 1145, 515, "hero_right" 
"191.jpg", 35, 61, 1113, 561, "hero_right" 
"192.jpg", 35, 50, 1170, 509, "hero_right" 
"193.jpg", 35, 38, 1155, 467, "hero_right" 
"194.jpg", 35, 47, 1156, 493, "hero_right" 
"195.jpg", 35, 37, 1177, 500, "hero_right" 
"196.jpg", 35, 45, 1166, 501, "hero_right" 
"197.jpg", 35, 39, 1244, 553, "hero_right" 
"198.jpg", 35, 61, 1172, 513, "hero_right" 
"199.jpg", 35, 53, 1126, 540, "hero_right" 
"200.jpg", 35, 37, 1141, 520, "hero_right" 
"201.jpg", 35, 41, 1165, 507, "hero_right" 
"202.jpg", 35, 41, 1193, 504, "hero_right" 
"203.jpg", 35, 71, 1098, 499, "hero_right" 
"204.jpg", 35, 76, 1205, 502, "hero_right" 
"205.jpg", 35, 38, 1182, 492, "hero_right" 
"206.jpg", 35, 45, 1175, 502, "hero_right" 
"207.jpg", 35, 37, 1133, 462, "hero_right" 
"208.jpg", 35, 41, 1167, 527, "hero_right" 
"209.jpg", 35, 63, 1136, 513, "hero_right" 
"210.jpg", 35, 43, 1180, 528, "hero_right" 
"211.jpg", 35, 84, 1229, 575, "hero_right" 
"212.jpg", 35, 68, 1140, 541, "hero_right" 
"213.jpg", 35, 48, 1229, 518, "hero_right" 
"214.jpg", 35, 84, 1177, 545, "hero_right" 
"215.jpg", 35, 76, 1137, 552, "hero_right" 
"216.jpg", 35, 66, 1192, 534, "hero_right" 
"217.jpg", 35, 82, 1140, 554, "hero_right" 
"218.jpg", 35, 47, 1137, 526, "hero_right" 
"219.jpg", 35, 44, 1127, 518, "hero_right" 
"220.jpg", 35, 77, 1122, 557, "hero_right" 
"221.jpg", 35, 40, 1217, 509, "hero_right" 
"222.jpg", 35, 62, 1209, 525, "hero_right" 
"223.jpg", 35, 68, 1227, 503, "hero_right" 
"224.jpg", 35, 67, 1175, 535, "hero_right" 
"225.jpg", 35, 56, 1131, 536, "hero_right" 
"226.jpg", 35, 55, 1178, 564, "hero_right" 
"227.jpg", 35, 56, 1216, 540, "hero_right" 
"228.jpg", 35, 53, 1101, 535, "hero_right" 
"229.jpg", 35, 82, 1162, 542, "hero_right" 
"230.jpg", 35, 36, 1170, 489, "hero_right" 
"231.jpg", 35, 53, 1173, 525, "hero_right" 
"232.jpg", 35, 35, 1186, 470, "hero_right" 
"233.jpg", 35, 71, 1138, 572, "hero_right" 
"234.jpg", 35, 72, 1205, 536, "hero_right" 
"235.jpg", 35, 79, 1237, 528, "hero_right" 
"236.jpg", 35, 77, 1116, 532, "hero_right" 
"237.jpg", 35, 43, 1142, 515, "hero_right" 
"238.jpg", 35, 82, 1135, 524, "hero_right" 
"239.jpg", 35, 43, 1200, 530, "hero_right" 
"240.jpg", 35, 39, 1131, 530, "hero_right" 
"241.jpg", 35, 62, 1163, 516, "hero_right" 
"242.jpg", 35, 48, 1208, 519, "hero_right" 
"243.jpg", 35, 66, 1184, 538, "hero_right" 
"244.jpg", 35, 75, 1228, 535, "hero_right" 
"245.jpg", 35, 50, 1160, 484, "hero_right" 
"246.jpg", 35, 42, 1100, 504, "hero_right" 
"247.jpg", 35, 69, 1159, 506, "hero_right" 
"248.jpg", 35, 67, 1269, 548, "hero_right" 
"249.jpg", 35, 74, 1141, 544, "hero_right" 
"250.jpg", 35, 78, 1175, 559, "hero_right" 
"251.jpg", 35, 36, 1207, 492, "hero_right" 
"252.jpg", 35, 73, 1237, 551, "hero_right" 
"253.jpg", 35, 51, 1151, 513, "hero_right" 
"254.jpg", 35, 63, 1143, 524, "hero_right" 
"255.jpg", 35, 64, 1174, 523, "hero_right" 
"256.jpg", 35, 84, 1127, 542, "hero_right" 
"257.jpg", 35, 59, 1147, 544, "hero_right" 
"258.jpg", 35, 73, 1124, 518, "hero_right" 
"259.jpg", 35, 40, 1167, 504, "hero_right" 
"260.jpg", 35, 80, 1146, 553, "hero_right" 
"261.jpg", 35, 43, 1155, 478, "hero_right" 
"262.jpg", 35, 55, 1231, 544, "hero_right" 
"263.jpg", 35, 48, 1159, 491, "hero_right" 
"264.jpg", 35, 48, 1175, 502, "hero_right" 
"265.jpg", 35, 61, 1190, 566, "hero_right" 
"266.jpg", 35, 76, 1235, 573, "hero_right" 
"267.jpg", 35, 35, 1152, 508, "hero_right" 
"268.jpg", 35, 52, 1229, 526, "hero_right" 
"269.jpg", 35, 40, 1165, 529, "hero_right" 
"270.jpg", 35, 74, 1129, 570, "hero_right" 
"271.jpg", 35, 69, 1240, 525, "hero_right" 
"272.jpg", 35, 78, 1148, 570, "hero_right" 
"273.jpg", 35, 39, 1152, 538, "hero_right" 
"274.jpg", 35, 52, 1101, 522, "hero_right" 
"275.jpg", 35, 60, 1149, 510, "hero_right" 
"276.jpg", 35, 65, 1154, 535, "hero_right" 
"277.jpg", 35, 79, 1149, 564, "hero_right" 
"278.jpg", 35, 40, 1108, 477, "hero_right" 
"279.jpg", 35, 60, 1151, 544, "hero_right" 
"280.jpg", 35, 48, 1240, 468, "hero_right" 
"281.jpg", 35, 49, 1181, 505, "hero_right" 
"282.jpg", 35, 53, 1190, 503, "hero_right" 
"283.jpg", 35, 64, 1116, 514, "hero_right" 
"284.jpg", 35, 44, 1190, 508, "hero_right" 
"285.jpg", 35, 50, 1129, 536, "hero_right" 
"286.jpg", 35, 83, 1145, 548, "hero_right" 
"287.jpg", 35, 83, 1168, 536, "hero_right" 
"288.jpg", 35, 79, 1110, 539, "hero_right" 
"289.jpg", 35, 66, 1126, 556, "hero_right" 
"290.jpg", 35, 57, 1122, 510, "hero_right" 
"291.jpg", 35, 84, 1184, 555, "hero_right" 
"292.jpg", 35, 45, 1222, 472, "hero_right" 
"293.jpg", 35, 73, 1214, 493, "hero_right" 
"294.jpg", 35, 68, 1157, 518, "hero_right" 
"295.jpg", 35, 50, 1174, 478, "hero_right" 
"296.jpg", 35, 83, 1194, 578, "hero_right" 
"297.jpg", 35, 56, 1196, 528, "hero_right" 
"298.jpg", 35, 66, 1119, 513, "hero_right" 
"299.jpg", 35, 50, 1099, 514, "hero_right" 
"300.jpg", 35, 70, 1165, 510, "hero_right" 
"301.jpg", 35, 70, 1133, 529, "hero_right" 
"302.jpg", 35, 54, 1080, 541, "hero_right" 
"303.jpg", 35, 74, 1174, 539, "hero_right" 
"304.jpg", 35, 77, 1144, 553, "hero_right" 
"305.jpg", 35, 49, 1147, 491, "hero_right" 
"306.jpg", 35, 67, 1160, 534, "hero_right" 
"307.jpg", 35, 78, 1095, 530, "hero_right" 
"308.jpg", 35, 58, 1228, 483, "hero_right" 
"309.jpg", 35, 82, 1179, 513, "hero_right" 
"310.jpg", 35, 81, 1125, 535, "hero_right" 
"311.jpg", 35, 53, 1196, 531, "hero_right" 
"312.jpg", 35, 42, 1156, 467, "hero_right" 
"313.jpg", 35, 59, 1233, 481, "hero_right" 
"314.jpg", 35, 64, 1154, 554, "hero_right" 
"315.jpg", 35, 79, 1195, 530, "hero_right" 
"316.jpg", 35, 35, 1196, 530, "hero_right" 
"317.jpg", 35, 81, 1206, 573, "hero_right" 
"318.jpg", 35, 36, 1124, 497, "hero_right" 
"319.jpg", 35, 77, 1099, 556, "hero_right" 
"320.jpg", 35, 40, 1133, 527, "hero_right" 
"321.jpg", 35, 60, 1100, 517, "hero_right" 
"322.jpg", 35, 70, 1184, 546, "hero_right" 
"323.jpg", 35, 70, 1100, 535, "hero_right" 
"324.jpg", 35, 38, 1165, 520, "hero_right" 
"325.jpg", 35, 39, 1195, 470, "hero_right" 
"326.jpg", 35, 35, 1214, 498, "hero_right" 
"327.jpg", 35, 61, 1239, 533, "hero_right" 
"328.jpg", 35, 79, 1278, 518, "hero_right" 
"329.jpg", 35, 84, 1140, 542, "hero_right" 
"330.jpg", 35, 62, 1154, 491, "hero_right" 
"331.jpg", 35, 43, 1188, 499, "hero_right" 
"332.jpg", 35, 52, 1170, 545, "hero_right" 
"333.jpg", 35, 68, 1178, 546, "hero_right" 
"334.jpg", 35, 36, 1166, 514, "hero_right" 
"335.jpg", 35, 35, 1073, 540, "hero_right" 
"336.jpg", 35, 60, 1131, 490, "hero_right" 
"337.jpg", 35, 60, 1131, 555, "hero_right" 
"338.jpg", 35, 72, 1116, 545, "hero_right" 
"339.jpg", 35, 49, 1164, 519, "hero_right" 
"340.jpg", 35, 52, 1128, 549, "hero_right" 
"341.jpg", 35, 77, 1155, 539, "hero_right" 
"342.jpg", 35, 82, 1170, 586, "hero_right" 
"343.jpg", 35, 72, 1189, 544, "hero_right" 
"344.jpg", 35, 61, 1125, 526, "hero_right" 
"345.jpg", 35, 49, 1122, 497, "hero_right" 
"346.jpg", 35, 63, 1212, 524, "hero_right" 
"347.jpg", 35, 66, 1122, 537, "hero_right" 
"348.jpg", 35, 78, 1143, 553, "hero_right" 
"349.jpg", 35, 36, 1074, 490, "hero_right" 
"350.jpg", 35, 52, 1178, 521, "hero_right" 
"351.jpg", 35, 75, 1166, 523, "hero_right" 
"352.jpg", 35, 40, 1163, 539, "hero_right" 
"353.jpg", 35, 55, 1210, 547, "hero_right" 
"354.jpg", 35, 44, 1116, 503, "hero_right" 
"355.jpg", 35, 79, 1265, 552, "hero_right" 
"356.jpg", 35, 43, 1153, 522, "hero_right" 
"357.jpg", 35, 53, 1138, 515, "hero_right" 
"358.jpg", 35, 53, 1191, 531, "hero_right" 
"359.jpg", 35, 73, 1130, 501, "hero_right" 
"360.jpg", 35, 59, 1147, 532, "hero_right" 
"361.jpg", 35, 75, 1186, 541, "hero_right" 
"362.jpg", 35, 75, 1167, 550, "hero_right" 
"363.jpg", 35, 82, 1109, 558, "hero_right" 
"364.jpg", 35, 36, 1120, 536, "hero_right" 
"365.jpg", 35, 60, 1151, 513, "hero_right" 
"366.jpg", 35, 52, 1162, 506, "hero_right" 
"367.jpg", 35, 53, 1137, 544, "hero_right" 
"368.jpg", 35, 63, 1161, 537, "hero_right" 
"369.jpg", 35, 49, 1189, 560, "hero_right" 
"370.jpg", 35, 45, 1183, 510, "hero_right" 
"371.jpg", 35, 71, 1170, 502, "hero_right" 
"372.jpg", 35, 40, 1115, 497, "hero_right" 
"373.jpg", 35, 37, 1113, 513, "hero_right" 
"374.jpg", 35, 46, 1184, 482, "hero_right" 
"375.jpg", 35, 83, 1145, 571, "hero_right" 
"376.jpg", 35, 55, 1103, 491, "hero_right" 
"377.jpg", 35, 70, 1093, 528, "hero_right" 
"378.jpg", 35, 42, 1181, 498, "hero_right" 
"379.jpg", 35, 60, 1153, 545, "hero_right" 
"380.jpg", 35, 72, 1147, 537, "hero_right" 
"381.jpg", 35, 67, 1146, 546, "hero_right" 
"382.jpg", 35, 59, 1232, 531, "hero_right" 
"383.jpg", 35, 53, 1085, 547, "hero_right" 
"384.jpg", 35, 53, 1164, 502, "hero_right" 
"385.jpg", 35, 69, 1243, 563, "hero_right" 
"386.jpg", 35, 37, 1180, 514, "hero_right" 
"387.jpg", 35, 59, 1134, 513, "hero_right" 
"388.jpg", 35, 38, 1151, 477, "hero_right" 
"389.jpg", 35, 65, 1242, 542, "hero_right" 
"390.jpg", 35, 50, 1126, 526, "hero_right" 
"391.jpg", 35, 38, 1163, 475, "hero_right" 
"392.jpg", 35, 83, 1081, 577, "hero_right" 
"393.jpg", 35, 78, 1176, 548, "hero_right" 
"394.jpg", 35, 50, 1156, 525, "hero_right" 
"395.jpg", 35, 53, 1074, 552, "hero_right" 
"396.jpg", 35, 53, 1121, 506, "hero_right" 
"397.jpg", 35, 37, 1221, 499, "hero_right" 
"398.jpg", 35, 67, 1153, 527, "hero_right" 
"399.jpg", 35, 43, 1147, 504, "hero_right" 
"400.jpg", 35, 43, 1149, 495, "hero_right" 
"401.jpg", 35, 37, 1230, 508, "hero_right" 
"402.jpg", 35, 78, 1137, 543, "hero_right" 
"403.jpg", 35, 47, 1123, 518, "hero_right" 
"404.jpg", 35, 36, 1181, 517, "hero_right" 
"405.jpg", 35, 44, 1220, 510, "hero_right" 
"406.jpg", 35, 81, 1156, 553, "hero_right" 
"407.jpg", 35, 54, 1201, 540, "hero_right" 
"408.jpg", 35, 60, 1136, 519, "hero_right" 
"409.jpg", 35, 66, 1120, 517, "hero_right" 
"410.jpg", 35, 36, 1088, 499, "hero_right" 
"411.jpg", 35, 51, 1238, 514, "hero_right" 
"412.jpg", 35, 61, 1159, 484, "hero_right" 
"413.jpg", 35, 38, 1201, 476, "hero_right" 
"414.jpg", 35, 44, 1211, 515, "hero_right" 
"415.jpg", 35, 56, 1161, 520, "hero_right" 
"416.jpg", 35, 71, 1249, 554, "hero_right" 
"417.jpg", 35, 80, 1091, 517, "hero_right" 
"418.jpg", 35, 36, 1155, 517, "hero_right" 
"419.jpg", 35, 54, 1149, 533, "hero_right" 
"420.jpg", 35, 43, 1178, 490, "hero_right" 
"421.jpg", 35, 57, 1164, 537, "hero_right" 
"422.jpg", 35, 35, 1135, 517, "hero_right" 
"423.jpg", 35, 49, 1213, 538, "hero_right" 
"424.jpg", 35, 54, 1170, 543, "hero_right" 
"425.jpg", 35, 71, 1209, 495, "hero_right" 
"426.jpg", 35, 70, 1149, 558, "hero_right" 
"427.jpg", 35, 43, 1161, 487, "hero_right" 
"428.jpg", 35, 43, 1170, 520, "hero_right" 
"429.jpg", 35, 64, 1114, 525, "hero_right" 
"430.jpg", 35, 47, 1060, 522, "hero_right" 
"431.jpg", 35, 39, 1195, 493, "hero_right" 
"432.jpg", 35, 36, 1185, 497, "hero_right" 
"433.jpg", 35, 74, 1205, 579, "hero_right" 
"434.jpg", 35, 40, 1227, 485, "hero_right" 
"435.jpg", 35, 73, 1190, 523, "hero_right" 
"436.jpg", 35, 65, 1150, 531, "hero_right" 
"437.jpg", 35, 60, 1109, 568, "hero_right" 
"438.jpg", 35, 76, 1141, 565, "hero_right" 
"439.jpg", 35, 70, 1228, 545, "hero_right" 
"440.jpg", 35, 74, 1220, 523, "hero_right" 
"441.jpg", 35, 53, 1211, 514, "hero_right" 
"442.jpg", 35, 39, 1141, 546, "hero_right" 
"443.jpg", 35, 38, 1160, 501, "hero_right" 
"444.jpg", 35, 41, 1207, 488, "hero_right" 
"445.jpg", 35, 43, 1182, 521, "hero_right" 
"446.jpg", 35, 53, 1117, 512, "hero_right" 
"447.jpg", 35, 65, 1097, 550, "hero_right" 
"448.jpg", 35, 56, 1164, 496, "hero_right" 
"449.jpg", 35, 36, 1179, 504, "hero_right" 
"450.jpg", 35, 72, 1136, 521, "hero_right" 
"451.jpg", 35, 67, 1094, 533, "hero_right" 
"452.jpg", 35, 83, 1139, 551, "hero_right" 
"453.jpg", 35, 37, 1207, 467, "hero_right" 
"454.jpg", 35, 70, 1244, 558, "hero_right" 
"455.jpg", 35, 76, 1176, 551, "hero_right" 
"456.jpg", 35, 46, 1184, 530, "hero_right" 
"457.jpg", 35, 57, 1087, 494, "hero_right" 
"458.jpg", 35, 71, 1170, 526, "hero_right" 
"459.jpg", 35, 74, 1166, 577, "hero_right" 
"460.jpg", 35, 57, 1182, 523, "hero_right" 
"461.jpg", 35, 63, 1211, 519, "hero_right" 
"462.jpg", 35, 60, 1160, 543, "hero_right" 
"463.jpg", 35, 75, 1145, 530, "hero_right" 
"464.jpg", 35, 64, 1112, 522, "hero_right" 
"465.jpg", 35, 43, 1181, 544, "hero_right" 
"466.jpg", 35, 63, 1241, 512, "hero_right" 
"467.jpg", 35, 66, 1139, 551, "hero_right" 
"468.jpg", 35, 54, 1231, 531, "hero_right" 
"469.jpg", 35, 79, 1197, 556, "hero_right" 
"470.jpg", 35, 65, 1114, 499, "hero_right" 
"471.jpg", 35, 80, 1190, 532, "hero_right" 
"472.jpg", 35, 84, 1158, 572, "hero_right" 
"473.jpg", 35, 79, 1148, 526, "hero_right" 
"474.jpg", 35, 43, 1162, 496, "hero_right" 
"475.jpg", 35, 74, 1172, 535, "hero_right" 
"476.jpg", 35, 83, 1103, 563, "hero_right" 
"477.jpg", 35, 53, 1220, 519, "hero_right" 
"478.jpg", 35, 75, 1156, 555, "hero_right" 
"479.jpg", 35, 38, 1173, 526, "hero_right" 
"480.jpg", 35, 69, 1173, 511, "hero_right" 
"481.jpg", 35, 80, 1103, 545, "hero_right" 
"482.jpg", 35, 77, 1137, 529, "hero_right" 
"483.jpg", 35, 46, 1113, 545, "hero_right" 
"484.jpg", 35, 50, 1168, 506, "hero_right" 
"485.jpg", 35, 84, 1126, 523, "hero_right" 
"486.jpg", 35, 39, 1187, 544, "hero_right" 
"487.jpg", 35, 43, 1166, 502, "hero_right" 
"488.jpg", 35, 79, 1153, 550, "hero_right" 
"489.jpg", 35, 45, 1141, 489, "hero_right" 
"490.jpg", 35, 64, 1123, 548, "hero_right" 
"491.jpg", 35, 75, 1244, 563, "hero_right" 
"492.jpg", 35, 64, 1164, 534, "hero_right" 
"493.jpg", 35, 64, 1150, 510, "hero_right" 
"494.jpg", 35, 37, 1125, 487, "hero_right" 
"495.jpg", 35, 71, 1204, 514, "hero_right" 
"496.jpg", 35, 50, 1164, 535, "hero_right" 
"497.jpg", 35, 70, 1120, 549, "hero_right" 
"498.jpg", 35, 36, 1166, 508, "hero_right" 
"499.jpg", 35, 78, 1099, 549, "hero_right" 
"500.jpg", 35, 35, 1172, 525, "hero_right" 
"501.jpg", 35, 57, 1132, 529, "hero_right" 
"502.jpg", 35, 41, 1159, 498, "hero_right" 
"503.jpg", 35, 46, 1141, 532, "hero_right" 
"504.jpg", 35, 74, 1140, 523, "hero_right" 
"505.jpg", 35, 42, 1161, 515, "hero_right" 
"506.jpg", 35, 40, 1179, 542, "hero_right" 
"507.jpg", 35, 48, 1112, 508, "hero_right" 
"508.jpg", 35, 42, 1217, 490, "hero_right" 
"509.jpg", 35, 52, 1160, 539, "hero_right" 
"510.jpg", 35, 64, 1126, 553, "hero_right" 
"511.jpg", 35, 60, 1136, 507, "hero_right" 
"512.jpg", 35, 52, 1201, 533, "hero_right" 
"513.jpg", 35, 52, 1149, 487, "hero_right" 
"514.jpg", 35, 58, 1179, 500, "hero_right" 
"515.jpg", 35, 67, 1228, 515, "hero_right" 
"516.jpg", 35, 82, 1142, 565, "hero_right" 
"517.jpg", 35, 74, 1130, 563, "hero_right" 
"518.jpg", 35, 66, 1187, 553, "hero_right" 
"519.jpg", 35, 74, 1178, 549, "hero_right" 
"520.jpg", 35, 36, 1234, 513, "hero_right" 
"521.jpg", 35, 59, 1186, 526, "hero_right" 
"522.jpg", 35, 43, 1145, 522, "hero_right" 
"523.jpg", 35, 58, 1219, 509, "hero_right" 
"524.jpg", 35, 58, 1164, 540, "hero_right" 
"525.jpg", 35, 36, 1172, 501, "hero_right" 
"526.jpg", 35, 68, 1169, 545, "hero_right" 
"527.jpg", 35, 70, 1163, 509, "hero_right" 
"528.jpg", 35, 78, 1259, 538, "hero_right" 
"529.jpg", 35, 44, 1129, 503, "hero_right" 
"530.jpg", 35, 65, 1203, 539, "hero_right" 
"531.jpg", 35, 58, 1154, 515, "hero_right" 
"532.jpg", 35, 56, 1139, 506, "hero_right" 
"533.jpg", 35, 80, 1180, 554, "hero_right" 
"534.jpg", 35, 71, 1146, 541, "hero_right" 
"535.jpg", 35, 53, 1176, 520, "hero_right" 
"536.jpg", 35, 69, 1218, 521, "hero_right" 
"537.jpg", 35, 77, 1221, 570, "hero_right" 
"538.jpg", 35, 62, 1225, 506, "hero_right" 
"539.jpg", 35, 37, 1120, 507, "hero_right" 
"540.jpg", 35, 73, 1164, 529, "hero_right" 
"541.jpg", 35, 70, 1137, 499, "hero_right" 
"542.jpg", 35, 36, 1171, 478, "hero_right" 
"543.jpg", 35, 69, 1102, 525, "hero_right" 
"544.jpg", 35, 55, 1163, 526, "hero_right" 
"545.jpg", 35, 44, 1155, 499, "hero_right" 
"546.jpg", 35, 63, 1142, 534, "hero_right" 
"547.jpg", 35, 83, 1181, 544, "hero_right" 
"548.jpg", 35, 37, 1254, 524, "hero_right" 
"549.jpg", 35, 46, 1139, 483, "hero_right" 
"550.jpg", 35, 35, 1156, 489, "hero_right" 
"551.jpg", 35, 58, 1154, 555, "hero_right" 
"552.jpg", 35, 60, 1125, 554, "hero_right" 
"553.jpg", 35, 41, 1174, 496, "hero_right" 
"554.jpg", 35, 66, 1197, 510, "hero_right" 
"555.jpg", 35, 44, 1146, 505, "hero_right" 
"556.jpg", 35, 67, 1195, 548, "hero_right" 
"557.jpg", 35, 79, 1185, 574, "hero_right" 
"558.jpg", 35, 79, 1213, 515, "hero_right" 
"559.jpg", 35, 72, 1190, 518, "hero_right" 
"560.jpg", 35, 48, 1180, 501, "hero_right" 
"561.jpg", 35, 70, 1223, 544, "hero_right" 
"562.jpg", 35, 60, 1086, 529, "hero_right" 
"563.jpg", 35, 63, 1135, 488, "hero_right" 
"564.jpg", 35, 62, 1134, 529, "hero_right" 
"565.jpg", 35, 55, 1170, 513, "hero_right" 
"566.jpg", 35, 66, 1173, 542, "hero_right" 
"567.jpg", 35, 57, 1094, 494, "hero_right" 
"568.jpg", 35, 49, 1215, 488, "hero_right" 
"569.jpg", 35, 45, 1170, 512, "hero_right" 
"570.jpg", 35, 36, 1135, 510, "hero_right" 
"571.jpg", 35, 82, 1168, 577, "hero_right" 
"572.jpg", 35, 83, 1172, 544, "hero_right" 
"573.jpg", 35, 57, 1156, 507, "hero_right" 
"574.jpg", 35, 80, 1092, 542, "hero_right" 
"575.jpg", 35, 51, 1220, 537, "hero_right" 
"576.jpg", 35, 58, 1149, 497, "hero_right" 
"577.jpg", 35, 67, 1156, 519, "hero_right" 
"578.jpg", 35, 81, 1165, 565, "hero_right" 
"579.jpg", 35, 73, 1181, 533, "hero_right" 
"580.jpg", 35, 64, 1089, 523, "hero_right" 
"581.jpg", 35, 54, 1209, 527, "hero_right" 
"582.jpg", 35, 46, 1238, 496, "hero_right" 
"583.jpg", 35, 70, 1119, 509, "hero_right" 
"584.jpg", 35, 81, 1192, 538, "hero_right" 
"585.jpg", 35, 55, 1130, 520, "hero_right" 
"586.jpg", 35, 79, 1159, 535, "hero_right" 
"587.jpg", 35, 42, 1170, 490, "hero_right" 
"588.jpg", 35, 56, 1174, 511, "hero_right" 
"589.jpg", 35, 44, 1198, 537, "hero_right" 
"590.jpg", 35, 59, 1155, 541, "hero_right" 
"591.jpg", 35, 56, 1199, 543, "hero_right" 
"592.jpg", 35, 63, 1120, 538, "hero_right" 
"593.jpg", 35, 73, 1110, 549, "hero_right" 
"594.jpg", 35, 77, 1219, 518, "hero_right" 
"595.jpg", 35, 44, 1130, 524, "hero_right" 
"596.jpg", 35, 73, 1118, 552, "hero_right" 
"597.jpg", 35, 42, 1245, 491, "hero_right" 
"598.jpg", 35, 70, 1190, 546, "hero_right" 
"599.jpg", 35, 78, 1136, 557, "hero_right" 
"600.jpg", 35, 78, 1094, 542, "hero_right" 
"601.jpg", 35, 42, 1171, 483, "hero_right" 
"602.jpg", 35, 52, 1210, 519, "hero_right" 
"603.jpg", 35, 48, 1176, 501, "hero_right" 
"604.jpg", 35, 71, 1143, 538, "hero_right" 
"605.jpg", 35, 35, 1140, 534, "hero_right" 
"606.jpg", 35, 40, 1198, 500, "hero_right" 
"607.jpg", 35, 51, 1151, 516, "hero_right" 
"608.jpg", 35, 39, 1138, 480, "hero_right" 
"609.jpg", 35, 50, 1100, 505, "hero_right" 
"610.jpg", 35, 59, 1151, 533, "hero_right" 
"611.jpg", 35, 54, 1105, 546, "hero_right" 
"612.jpg", 35, 54, 1264, 523, "hero_right" 
"613.jpg", 35, 39, 1158, 494, "hero_right" 
"614.jpg", 35, 41, 1096, 492, "hero_right" 
"615.jpg", 35, 78, 1164, 542, "hero_right" 
"616.jpg", 35, 62, 1155, 529, "hero_right" 
"617.jpg", 35, 43, 1158, 495, "hero_right" 
"618.jpg", 35, 52, 1185, 504, "hero_right" 
"619.jpg", 35, 76, 1225, 545, "hero_right" 
"620.jpg", 35, 73, 1207, 538, "hero_right" 
"621.jpg", 35, 49, 1244, 492, "hero_right" 
"622.jpg", 35, 50, 1233, 515, "hero_right" 
"623.jpg", 35, 67, 1155, 520, "hero_right" 
"624.jpg", 35, 72, 1178, 523, "hero_right" 
"625.jpg", 35, 51, 1201, 525, "hero_right" 
"626.jpg", 35, 58, 1119, 484, "hero_right" 
"627.jpg", 35, 45, 1203, 511, "hero_right" 
"628.jpg", 35, 83, 1154, 522, "hero_right" 
"629.jpg", 35, 39, 1133, 470, "hero_right" 
"630.jpg", 35, 82, 1144, 551, "hero_right" 
"631.jpg", 35, 80, 1143, 573, "hero_right" 
"632.jpg", 35, 59, 1145, 528, "hero_right" 
"633.jpg", 35, 55, 1163, 520, "hero_right" 
"634.jpg", 35, 46, 1204, 549, "hero_right" 
"635.jpg", 35, 51, 1160, 510, "hero_right" 
"636.jpg", 35, 58, 1152, 537, "hero_right" 
"637.jpg", 35, 55, 1141, 485, "hero_right" 
"638.jpg", 35, 35, 1109, 506, "hero_right" 
"639.jpg", 35, 61, 1143, 518, "hero_right" 
"640.jpg", 35, 51, 1204, 472, "hero_right" 
"641.jpg", 35, 42, 1261, 496, "hero_right" 
"642.jpg", 35, 42, 1134, 496, "hero_right" 
"643.jpg", 35, 79, 1125, 552, "hero_right" 
"644.jpg", 35, 62, 1227, 541, "hero_right" 
"645.jpg", 35, 67, 1154, 530, "hero_right" 
"646.jpg", 35, 57, 1119, 510, "hero_right" 
"647.jpg", 35, 46, 1135, 538, "hero_right" 
"648.jpg", 35, 44, 1136, 505, "hero_right" 
"649.jpg", 35, 70, 1281, 526, "hero_right" 
"650.jpg", 35, 52, 1122, 511, "hero_right" 
"651.jpg", 35, 57, 1153, 539, "hero_right" 
"652.jpg", 35, 69, 1207, 522, "hero_right" 
"653.jpg", 35, 39, 1105, 468, "hero_right" 
"654.jpg", 35, 59, 1240, 544, "hero_right" 
"655.jpg", 35, 50, 1195, 490, "hero_right" 
"656.jpg", 35, 62, 1210, 520, "hero_right" 
"657.jpg", 35, 74, 1200, 531, "hero_right" 
"658.jpg", 35, 49, 1156, 502, "hero_right" 
"659.jpg", 35, 73, 1151, 565, "hero_right" 
"660.jpg", 35, 55, 1135, 519, "hero_right" 
"661.jpg", 35, 76, 1122, 527, "hero_right" 
"662.jpg", 35, 80, 1194, 541, "hero_right" 
"663.jpg", 35, 40, 1129, 529, "hero_right" 
"664.jpg", 35, 35, 1203, 504, "hero_right" 
"665.jpg", 35, 65, 1147, 551, "hero_right" 
"666.jpg", 35, 58, 1140, 526, "hero_right" 
"667.jpg", 35, 62, 1172, 500, "hero_right" 
"668.jpg", 35, 39, 1181, 518, "hero_right" 
"669.jpg", 35, 78, 1176, 559, "hero_right" 
"670.jpg", 35, 42, 1136, 511, "hero_right" 
"671.jpg", 35, 36, 1167, 527, "hero_right" 
"672.jpg", 35, 44, 1172, 533, "hero_right" 
"673.jpg", 35, 41, 1190, 489, "hero_right" 
"674.jpg", 35, 72, 1231, 547, "hero_right" 
"675.jpg", 35, 73, 1175, 529, "hero_right" 
"676.jpg", 35, 49, 1220, 516, "hero_right" 
"677.jpg", 35, 70, 1161, 540, "hero_right" 
"678.jpg", 35, 50, 1209, 480, "hero_right" 
"679.jpg", 35, 67, 1174, 538, "hero_right" 
"680.jpg", 35, 42, 1149, 495, "hero_right" 
"681.jpg", 35, 57, 1136, 481, "hero_right" 
"682.jpg", 35, 40, 1235, 493, "hero_right" 
"683.jpg", 35, 78, 1234, 509, "hero_right" 
"684.jpg", 35, 63, 1092, 567, "hero_right" 
"685.jpg", 35, 74, 1231, 533, "hero_right" 
"686.jpg", 35, 75, 1169, 521, "hero_right" 
"687.jpg", 35, 72, 1135, 540, "hero_right" 
"688.jpg", 35, 52, 1236, 540, "hero_right" 
"689.jpg", 35, 81, 1208, 533, "hero_right" 
"690.jpg", 35, 57, 1135, 501, "hero_right" 
"691.jpg", 35, 37, 1138, 465, "hero_right" 
"692.jpg", 35, 82, 1155, 579, "hero_right" 
"693.jpg", 35, 60, 1184, 533, "hero_right" 
"694.jpg", 35, 53, 1135, 523, "hero_right" 
"695.jpg", 35, 75, 1174, 516, "hero_right" 
"696.jpg", 35, 42, 1251, 537, "hero_right" 
"697.jpg", 35, 72, 1130, 537, "hero_right" 
"698.jpg", 35, 41, 1144, 498, "hero_right" 
"699.jpg", 35, 70, 1114, 509, "hero_right" 
"700.jpg", 35, 79, 1100, 542, "hero_right" 
"701.jpg", 35, 70, 1164, 526, "hero_right" 
"702.jpg", 35, 39, 1151, 536, "hero_right" 
"703.jpg", 35, 54, 1143, 537, "hero_right" 
"704.jpg", 35, 69, 1163, 524, "hero_right" 
"705.jpg", 35, 57, 1174, 513, "hero_right" 
"706.jpg", 35, 43, 1219, 523, "hero_right" 
"707.jpg", 35, 70, 1182, 539, "hero_right" 
"708.jpg", 35, 61, 1157, 529, "hero_right" 
"709.jpg", 35, 52, 1189, 562, "hero_right" 
"710.jpg", 35, 58, 1174, 497, "hero_right" 
"711.jpg", 35, 67, 1119, 523, "hero_right" 
"712.jpg", 35, 72, 1130, 537, "hero_right" 
"713.jpg", 35, 42, 1189, 539, "hero_right" 
"714.jpg", 35, 77, 1239, 552, "hero_right" 
"715.jpg", 35, 49, 1264, 522, "hero_right" 
"716.jpg", 35, 43, 1172, 542, "hero_right" 
"717.jpg", 35, 53, 1136, 510, "hero_right" 
"718.jpg", 35, 56, 1180, 511, "hero_right" 
"719.jpg", 35, 52, 1164, 536, "hero_right" 
"720.jpg", 35, 42, 1223, 501, "hero_right" 
"721.jpg", 35, 77, 1196, 568, "hero_right" 
"722.jpg", 35, 57, 1086, 515, "hero_right" 
"723.jpg", 35, 67, 1129, 505, "hero_right" 
"724.jpg", 35, 57, 1113, 524, "hero_right" 
"725.jpg", 35, 37, 1185, 503, "hero_right" 
"726.jpg", 35, 75, 1193, 543, "hero_right" 
"727.jpg", 35, 55, 1126, 529, "hero_right" 
"728.jpg", 35, 51, 1102, 515, "hero_right" 
"729.jpg", 35, 69, 1195, 515, "hero_right" 
"730.jpg", 35, 76, 1210, 533, "hero_right" 
"731.jpg", 35, 83, 1074, 565, "hero_right" 
"732.jpg", 35, 36, 1216, 495, "hero_right" 
"733.jpg", 35, 48, 1154, 511, "hero_right" 
"734.jpg", 35, 38, 1172, 487, "hero_right" 
"735.jpg", 35, 75, 1122, 537, "hero_right" 
"736.jpg", 35, 79, 1187, 583, "hero_right" 
"737.jpg", 35, 59, 1211, 496, "hero_right" 
"738.jpg", 35, 47, 1208, 505, "hero_right" 
"739.jpg", 35, 78, 1103, 527, "hero_right" 
"740.jpg", 35, 64, 1183, 502, "hero_right" 
"741.jpg", 35, 69, 1202, 523, "hero_right" 
"742.jpg", 35, 36, 1170, 495, "hero_right" 
"743.jpg", 35, 53, 1118, 515, "hero_right" 
"744.jpg", 35, 43, 1196, 488, "hero_right" 
"745.jpg", 35, 66, 1149, 536, "hero_right" 
"746.jpg", 35, 52, 1220, 510, "hero_right" 
"747.jpg", 35, 82, 1089, 514, "hero_right" 
"748.jpg", 35, 47, 1203, 492, "hero_right" 
"749.jpg", 35, 73, 1131, 518, "hero_right" 
"750.jpg", 35, 59, 1186, 527, "hero_right" 
"751.jpg", 35, 42, 1235, 528, "hero_right" 
"752.jpg", 35, 37, 1127, 548, "hero_right" 
"753.jpg", 35, 46, 1200, 515, "hero_right" 
"754.jpg", 35, 39, 1136, 489, "hero_right" 
"755.jpg", 35, 39, 1204, 457, "hero_right" 
"756.jpg", 35, 65, 1146, 503, "hero_right" 
"757.jpg", 35, 75, 1169, 565, "hero_right" 
"758.jpg", 35, 73, 1268, 545, "hero_right" 
"759.jpg", 35, 40, 1157, 543, "hero_right" 
"760.jpg", 35, 57, 1146, 535, "hero_right" 
"761.jpg", 35, 62, 1173, 513, "hero_right" 
"762.jpg", 35, 38, 1198, 473, "hero_right" 
"763.jpg", 35, 41, 1173, 497, "hero_right" 
"764.jpg", 35, 64, 1143, 513, "hero_right" 
"765.jpg", 35, 72, 1179, 510, "hero_right" 
"766.jpg", 35, 74, 1160, 575, "hero_right" 
"767.jpg", 35, 67, 1168, 539, "hero_right" 
"768.jpg", 35, 63, 1170, 498, "hero_right" 
"769.jpg", 35, 42, 1079, 509, "hero_right" 
"770.jpg", 35, 54, 1151, 512, "hero_right" 
"771.jpg", 35, 74, 1161, 538, "hero_right" 
"772.jpg", 35, 72, 1098, 551, "hero_right" 
"773.jpg", 35, 36, 1176, 535, "hero_right" 
"774.jpg", 35, 84, 1171, 524, "hero_right" 
"775.jpg", 35, 35, 1126, 523, "hero_right" 
"776.jpg", 35, 76, 1172, 530, "hero_right" 
"777.jpg", 35, 61, 1123, 546, "hero_right" 
"778.jpg", 35, 74, 1226, 524, "hero_right" 
"779.jpg", 35, 55, 1221, 551, "hero_right" 
"780.jpg", 35, 39, 1197, 496, "hero_right" 
"781.jpg", 35, 51, 1227, 514, "hero_right" 
"782.jpg", 35, 66, 1168, 551, "hero_right" 
"783.jpg", 35, 84, 1175, 554, "hero_right" 
"784.jpg", 35, 63, 1171, 560, "hero_right" 
"785.jpg", 35, 51, 1161, 529, "hero_right" 
"786.jpg", 35, 57, 1201, 513, "hero_right" 
"787.jpg", 35, 44, 1174, 540, "hero_right" 
"788.jpg", 35, 54, 1172, 490, "hero_right" 
"789.jpg", 35, 69, 1178, 540, "hero_right" 
"790.jpg", 35, 35, 1166, 502, "hero_right" 
"791.jpg", 35, 39, 1191, 512, "hero_right" 
"792.jpg", 35, 71, 1075, 560, "hero_right" 
"793.jpg", 35, 56, 1184, 530, "hero_right" 
"794.jpg", 35, 49, 1139, 484, "hero_right" 
"795.jpg", 35, 64, 1192, 532, "hero_right" 
"796.jpg", 35, 84, 1224, 503, "hero_right" 
"797.jpg", 35, 35, 1143, 519, "hero_right" 
"798.jpg", 35, 73, 1255, 563, "hero_right" 
"799.jpg", 35, 51, 1130, 527, "hero_right" 
"800.jpg", 35, 40, 1107, 515, "hero_right" 
"801.jpg", 35, 82, 1122, 584, "hero_right" 
"802.jpg", 35, 80, 1156, 530, "hero_right" 
"803.jpg", 35, 44, 1214, 476, "hero_right" 
"804.jpg", 35, 83, 1156, 583, "hero_right" 
"805.jpg", 35, 65, 1164, 490, "hero_right" 
"806.jpg", 35, 75, 1103, 524, "hero_right" 
"807.jpg", 35, 61, 1190, 508, "hero_right" 
"808.jpg", 35, 64, 1133, 530, "hero_right" 
"809.jpg", 35, 73, 1212, 528, "hero_right" 
"810.jpg", 35, 53, 1170, 491, "hero_right" 
"811.jpg", 35, 52, 1152, 475, "hero_right" 
"812.jpg", 35, 55, 1116, 535, "hero_right" 
"813.jpg", 35, 70, 1196, 527, "hero_right" 
"814.jpg", 35, 53, 1166, 482, "hero_right" 
"815.jpg", 35, 84, 1157, 553, "hero_right" 
"816.jpg", 35, 41, 1158, 516, "hero_right" 
"817.jpg", 35, 38, 1112, 500, "hero_right" 
"818.jpg", 35, 65, 1191, 515, "hero_right" 
"819.jpg", 35, 73, 1172, 499, "hero_right" 
"820.jpg", 35, 35, 1093, 527, "hero_right" 
"821.jpg", 35, 67, 1148, 519, "hero_right" 
"822.jpg", 35, 46, 1202, 538, "hero_right" 
"823.jpg", 35, 55, 1227, 529, "hero_right" 
"824.jpg", 35, 71, 1114, 516, "hero_right" 
"825.jpg", 35, 50, 1196, 515, "hero_right" 
"826.jpg", 35, 84, 1229, 539, "hero_right" 
"827.jpg", 35, 63, 1232, 539, "hero_right" 
"828.jpg", 35, 66, 1195, 563, "hero_right" 
"829.jpg", 35, 74, 1151, 572, "hero_right" 
"830.jpg", 35, 68, 1192, 531, "hero_right" 
"831.jpg", 35, 53, 1162, 497, "hero_right" 
"832.jpg", 35, 77, 1138, 542, "hero_right" 
"833.jpg", 35, 59, 1187, 528, "hero_right" 
"834.jpg", 35, 75, 1184, 506, "hero_right" 
"835.jpg", 35, 82, 1087, 547, "hero_right" 
"836.jpg", 35, 83, 1163, 556, "hero_right" 
"837.jpg", 35, 83, 1187, 544, "hero_right" 
"838.jpg", 35, 55, 1154, 521, "hero_right" 
"839.jpg", 35, 80, 1189, 568, "hero_right" 
"840.jpg", 35, 82, 1174, 567, "hero_right" 
"841.jpg", 35, 51, 1177, 489, "hero_right" 
"842.jpg", 35, 44, 1200, 477, "hero_right" 
"843.jpg", 35, 48, 1080, 470, "hero_right" 
"844.jpg", 35, 55, 1150, 535, "hero_right" 
"845.jpg", 35, 63, 1183, 519, "hero_right" 
"846.jpg", 35, 82, 1176, 529, "hero_right" 
"847.jpg", 35, 83, 1123, 529, "hero_right" 
"848.jpg", 35, 74, 1176, 530, "hero_right" 
"849.jpg", 35, 44, 1169, 481, "hero_right" 
"850.jpg", 35, 83, 1139, 583, "hero_right" 
"851.jpg", 35, 52, 1230, 541, "hero_right" 
"852.jpg", 35, 47, 1158, 489, "hero_right" 
"853.jpg", 35, 64, 1204, 547, "hero_right" 
"854.jpg", 35, 53, 1094, 489, "hero_right" 
"855.jpg", 35, 62, 1168, 545, "hero_right" 
"856.jpg", 35, 44, 1179, 505, "hero_right" 
"857.jpg", 35, 61, 1152, 532, "hero_right" 
"858.jpg", 35, 53, 1123, 526, "hero_right" 
"859.jpg", 35, 78, 1201, 550, "hero_right" 
"860.jpg", 35, 50, 1188, 550, "hero_right" 
"861.jpg", 35, 57, 1180, 520, "hero_right" 
"862.jpg", 35, 80, 1181, 524, "hero_right" 
"863.jpg", 35, 50, 1149, 517, "hero_right" 
"864.jpg", 35, 59, 1149, 513, "hero_right" 
"865.jpg", 35, 53, 1175, 533, "hero_right" 
"866.jpg", 35, 74, 1195, 527, "hero_right" 
"867.jpg", 35, 70, 1135, 499, "hero_right" 
"868.jpg", 35, 75, 1211, 554, "hero_right" 
"869.jpg", 35, 46, 1082, 496, "hero_right" 
"870.jpg", 35, 77, 1211, 530, "hero_right" 
"871.jpg", 35, 39, 1138, 475, "hero_right" 
"872.jpg", 35, 60, 1240, 516, "hero_right" 
"873.jpg", 35, 72, 1194, 541, "hero_right" 
"874.jpg", 35, 73, 1180, 542, "hero_right" 
"875.jpg", 35, 64, 1137, 529, "hero_right" 
"876.jpg", 35, 57, 1190, 536, "hero_right" 
"877.jpg", 35, 47, 1170, 537, "hero_right" 
"878.jpg", 35, 82, 1207, 539, "hero_right" 
"879.jpg", 35, 55, 1115, 480, "hero_right" 
"880.jpg", 35, 43, 1121, 536, "hero_right" 
"881.jpg", 35, 74, 1202, 519, "hero_right" 
"882.jpg", 35, 60, 1261, 516, "hero_right" 
"883.jpg", 35, 55, 1102, 537, "hero_right" 
"884.jpg", 35, 79, 1142, 521, "hero_right" 
"885.jpg", 35, 78, 1228, 546, "hero_right" 
"886.jpg", 35, 82, 1192, 545, "hero_right" 
"887.jpg", 35, 62, 1094, 528, "hero_right" 
"888.jpg", 35, 50, 1154, 496, "hero_right" 
"889.jpg", 35, 59, 1127, 515, "hero_right" 
"890.jpg", 35, 52, 1145, 503, "hero_right" 
"891.jpg", 35, 79, 1152, 569, "hero_right" 
"892.jpg", 35, 46, 1147, 524, "hero_right" 
"893.jpg", 35, 77, 1195, 530, "hero_right" 
"894.jpg", 35, 54, 1097, 534, "hero_right" 
"895.jpg", 35, 49, 1132, 477, "hero_right" 
"896.jpg", 35, 35, 1226, 499, "hero_right" 
"897.jpg", 35, 77, 1140, 581, "hero_right" 
"898.jpg", 35, 49, 1148, 513, "hero_right" 
"899.jpg", 35, 80, 1196, 580, "hero_right" 
"900.jpg", 35, 80, 1125, 553, "hero_right" 
"901.jpg", 35, 78, 1220, 516, "hero_right" 
"902.jpg", 35, 51, 1203, 525, "hero_right" 
"903.jpg", 35, 59, 1210, 550, "hero_right" 
"904.jpg", 35, 35, 1056, 524, "hero_right" 
"905.jpg", 35, 50, 1152, 531, "hero_right" 
"906.jpg", 35, 83, 1197, 527, "hero_right" 
"907.jpg", 35, 80, 1090, 586, "hero_right" 
"908.jpg", 35, 69, 1083, 527, "hero_right" 
"909.jpg", 35, 51, 1192, 484, "hero_right" 
"910.jpg", 35, 68, 1201, 526, "hero_right" 
"911.jpg", 35, 36, 1112, 494, "hero_right" 
"912.jpg", 35, 61, 1221, 486, "hero_right" 
"913.jpg", 35, 65, 1192, 535, "hero_right" 
"914.jpg", 35, 39, 1223, 531, "hero_right" 
"915.jpg", 35, 69, 1155, 565, "hero_right" 
"916.jpg", 35, 48, 1121, 534, "hero_right" 
"917.jpg", 35, 76, 1121, 505, "hero_right" 
"918.jpg", 35, 68, 1179, 533, "hero_right" 
"919.jpg", 35, 39, 1171, 515, "hero_right" 
"920.jpg", 35, 53, 1189, 519, "hero_right" 
"921.jpg", 35, 35, 1199, 467, "hero_right" 
"922.jpg", 35, 69, 1184, 528, "hero_right" 
"923.jpg", 35, 51, 1085, 530, "hero_right" 
"924.jpg", 35, 45, 1104, 541, "hero_right" 
"925.jpg", 35, 73, 1111, 545, "hero_right" 
"926.jpg", 35, 41, 1130, 501, "hero_right" 
"927.jpg", 35, 66, 1192, 528, "hero_right" 
"928.jpg", 35, 84, 1229, 569, "hero_right" 
"929.jpg", 35, 55, 1162, 537, "hero_right" 
"930.jpg", 35, 52, 1177, 526, "hero_right" 
"931.jpg", 35, 77, 1108, 548, "hero_right" 
"932.jpg", 35, 71, 1175, 572, "hero_right" 
"933.jpg", 35, 44, 1175, 488, "hero_right" 
"934.jpg", 35, 63, 1134, 525, "hero_right" 
"935.jpg", 35, 50, 1201, 516, "hero_right" 
"936.jpg", 35, 72, 1138, 543, "hero_right" 
"937.jpg", 35, 63, 1146, 534, "hero_right" 
"938.jpg", 35, 62, 1185, 493, "hero_right" 
"939.jpg", 35, 47, 1129, 512, "hero_right" 
"940.jpg", 35, 54, 1149, 534, "hero_right" 
"941.jpg", 35, 39, 1230, 517, "hero_right" 
"942.jpg", 35, 71, 1176, 551, "hero_right" 
"943.jpg", 35, 38, 1165, 488, "hero_right" 
"944.jpg", 35, 76, 1134, 569, "hero_right" 
"945.jpg", 35, 44, 1196, 505, "hero_right" 
"946.jpg", 35, 84, 1176, 552, "hero_right" 
"947.jpg", 35, 64, 1161, 500, "hero_right" 
"948.jpg", 35, 50, 1140, 516, "hero_right" 
"949.jpg", 35, 71, 1131, 513, "hero_right" 
"950.jpg", 35, 47, 1189, 517, "hero_right" 
"951.jpg", 35, 73, 1201, 547, "hero_right" 
"952.jpg", 35, 59, 1185, 491, "hero_right" 
"953.jpg", 35, 44, 1204, 512, "hero_right" 
"954.jpg", 35, 50, 1193, 520, "hero_right" 
"955.jpg", 35, 60, 1161, 500, "hero_right" 
"956.jpg", 35, 66, 1173, 551, "hero_right" 
"957.jpg", 35, 49, 1110, 501, "hero_right" 
"958.jpg", 35, 84, 1104, 525, "hero_right" 
"959.jpg", 35, 59, 1186, 540, "hero_right" 
"960.jpg", 35, 79, 1152, 536, "hero_right" 
"961.jpg", 35, 62, 1128, 522, "hero_right" 
"962.jpg", 35, 65, 1186, 519, "hero_right" 
"963.jpg", 35, 81, 1199, 574, "hero_right" 
"964.jpg", 35, 80, 1177, 557, "hero_right" 
"965.jpg", 35, 54, 1097, 516, "hero_right" 
"966.jpg", 35, 69, 1136, 512, "hero_right" 
"967.jpg", 35, 67, 1194, 552, "hero_right" 
"968.jpg", 35, 83, 1184, 582, "hero_right" 
"969.jpg", 35, 59, 1204, 519, "hero_right" 
"970.jpg", 35, 60, 1087, 532, "hero_right" 
"971.jpg", 35, 68, 1283, 527, "hero_right" 
"972.jpg", 35, 84, 1112, 564, "hero_right" 
"973.jpg", 35, 43, 1167, 503, "hero_right" 
"974.jpg", 35, 76, 1149, 551, "hero_right" 
"975.jpg", 35, 81, 1100, 505, "hero_right" 
"976.jpg", 35, 35, 1162, 476, "hero_right" 
"977.jpg", 35, 43, 1115, 501, "hero_right" 
"978.jpg", 35, 84, 1135, 541, "hero_right" 
"979.jpg", 35, 78, 1165, 527, "hero_right" 
"980.jpg", 35, 50, 1110, 520, "hero_right" 
"981.jpg", 35, 65, 1209, 510, "hero_right" 
"982.jpg", 35, 36, 1131, 507, "hero_right" 
"983.jpg", 35, 44, 1149, 510, "hero_right" 
"984.jpg", 35, 43, 1110, 486, "hero_right" 
"985.jpg", 35, 43, 1180, 484, "hero_right" 
"986.jpg", 35, 82, 1130, 521, "hero_right" 
"987.jpg", 35, 59, 1213, 520, "hero_right" 
"988.jpg", 35, 45, 1180, 515, "hero_right" 
"989.jpg", 35, 45, 1146, 493, "hero_right" 
"990.jpg", 35, 61, 1105, 514, "hero_right" 
"991.jpg", 35, 82, 1151, 582, "hero_right" 
"992.jpg", 35, 83, 1196, 562, "hero_right" 
"993.jpg", 35, 56, 1187, 525, "hero_right" 
"994.jpg", 35, 50, 1224, 493, "hero_right" 
"995.jpg", 35, 36, 1167, 481, "hero_right" 
"996.jpg", 35, 81, 1188, 545, "hero_right" 
"997.jpg", 35, 65, 1127, 573, "hero_right" 
"998.jpg", 35, 65, 1180, 513, "hero_right" 
"999.jpg", 35, 58, 1113, 524, "hero_right" 
